"","ONET","ANZSCO3","ANZSCO2","ANZSCO1","ANZSCO4","Title","Title1","Title2","Title3","Information.Content","Automation.Routinization","Face.to.Face","On.Site.Job","Decision.Making"
"1","11-1011.00","111","11","1",1111,"Chief Executives and Managing Directors","Managers","Chief Executives, General Managers and Legislators","Chief Executives, General Managers and Legislators",0.670248883887662,0.386005420748405,0.748467074552968,0.228939489478207,0.942136538892276
"2","11-1021.00","111","11","1",1112,"General Managers","Managers","Chief Executives, General Managers and Legislators","Chief Executives, General Managers and Legislators",0.68728346403863,0.394968793521858,0.74270275802623,0.474778921165245,0.798047250342253
"3","11-2011.00","131","13","1",1311,"Advertising, Public Relations and Sales Managers","Managers","Specialist Managers","Advertising, Public Relations and Sales Managers",0.6785221956139,0.462773956731924,0.693423357419549,0.342559799657867,0.797827015539268
"4","11-3011.00","132","13","1",1324,"Policy and Planning Managers","Managers","Specialist Managers","Business Administration Managers",0.755348845577073,0.453144231755345,0.711047839537032,0.355916685802345,0.725409392431761
"5","11-3011.00","132","13","1",1321,"Corporate Services Managers","Managers","Specialist Managers","Business Administration Managers",0.755348845577073,0.453144231755345,0.711047839537032,0.355916685802345,0.725409392431761
"6","11-3021.00","135","13","1",1351,"ICT Managers","Managers","Specialist Managers","ICT Managers",0.866357146542268,0.414683996086017,0.765549638098463,0.498199754497233,0.845412855344133
"7","11-3051.00","133","13","1",1334,"Manufacturers","Managers","Specialist Managers","Construction, Distribution and Production Managers",0.68048385330731,0.488615395955333,0.697837362069297,0.50269696375556,0.812861953718086
"8","11-3051.00","133","13","1",1335,"Production Managers","Managers","Specialist Managers","Construction, Distribution and Production Managers",0.68048385330731,0.488615395955333,0.697837362069297,0.50269696375556,0.812861953718086
"9","11-3061.00","133","13","1",1333,"Importers, Exporters and Wholesalers","Managers","Specialist Managers","Construction, Distribution and Production Managers",0.736062305400711,0.449671744338319,0.721712163977676,0.277567229799769,0.770047287489147
"10","11-3071.01","133","13","1",1336,"Supply and Distribution Managers","Managers","Specialist Managers","Construction, Distribution and Production Managers",0.757850179371999,0.413810733999484,0.715973210659459,0.307658223252281,0.769317370021772
"11","11-3121.00","132","13","1",1323,"Human Resource Managers","Managers","Specialist Managers","Business Administration Managers",0.730651443270868,0.372241186407935,0.780873756940796,0.204222109636281,0.757236692924792
"12","11-9013.03","121","12","1",1211,"Aquaculture Farmers","Managers","Farmers and Farm Managers","Farmers and Farm Managers",0.758298540052759,0.431592944602615,0.746422365640434,0.67823901066233,0.804356423439102
"13","11-9021.00","133","13","1",1331,"Construction Managers","Managers","Specialist Managers","Construction, Distribution and Production Managers",0.789335405378992,0.402468527474328,0.689425194783812,0.419689315959925,0.756287366835071
"14","11-9031.00","134","13","1",1341,"Child Care Centre Managers","Managers","Specialist Managers","Education, Health and Welfare Services Managers",0.656996036504154,0.374680631579672,0.832331285558723,0.367751087870782,0.787757088789387
"15","11-9032.00","134","13","1",1343,"School Principals","Managers","Specialist Managers","Education, Health and Welfare Services Managers",0.804726396245465,0.327271571227098,0.886776992088757,0.352369189502346,0.886062871312918
"16","11-9041.00","133","13","1",1332,"Engineering Managers","Managers","Specialist Managers","Construction, Distribution and Production Managers",0.79588777490987,0.386605102349842,0.633207343284529,0.362403409229488,0.82314332817058
"17","11-9051.00","141","14","1",1414,"Licensed Club Managers","Managers","Hospitality, Retail and Service Managers","Accommodation and Hospitality Managers",0.675410437692853,0.538768988996152,0.793305133272926,0.555057521286232,0.744786671819137
"18","11-9051.00","141","14","1",1411,"Cafe and Restaurant Managers","Managers","Hospitality, Retail and Service Managers","Accommodation and Hospitality Managers",0.675410437692853,0.538768988996152,0.793305133272926,0.555057521286232,0.744786671819137
"19","11-9081.00","141","14","1",1413,"Hotel and Motel Managers","Managers","Hospitality, Retail and Service Managers","Accommodation and Hospitality Managers",0.754231915567864,0.442252674750746,0.867993606874034,0.486573233709597,0.834148055707386
"20","11-9081.00","141","14","1",1419,"Other Accommodation and Hospitality Managers","Managers","Hospitality, Retail and Service Managers","Accommodation and Hospitality Managers",0.754231915567864,0.442252674750746,0.867993606874034,0.486573233709597,0.834148055707386
"21","11-9081.00","141","14","1",1412,"Caravan Park and Camping Ground Managers","Managers","Hospitality, Retail and Service Managers","Accommodation and Hospitality Managers",0.754231915567864,0.442252674750746,0.867993606874034,0.486573233709597,0.834148055707386
"22","11-9111.00","134","13","1",1342,"Health and Welfare Services Managers","Managers","Specialist Managers","Education, Health and Welfare Services Managers",0.805141990636041,0.427645516587079,0.856598031468747,0.360347660664898,0.844051315544504
"23","13-1021.00","639","63","6",6392,"Retail and Wool Buyers","Sales Workers","Sales Support Workers","Miscellaneous Sales Support Workers",0.648199089957623,0.465117565950401,0.613065283806944,0.447239156278674,0.674122454411906
"24","13-1031.02","599","59","5",5996,"Insurance Investigators, Loss Adjusters and Risk Surveyors","Clerical And Administrative Workers","Other Clerical and Administrative Workers","Miscellaneous Clerical and Administrative Workers",0.785706516218032,0.542828181041487,0.625190254549744,0.397402145999841,0.600713353966314
"25","13-1071.00","223","22","2",2231,"Human Resource Professionals","Professionals","Business, Human Resource and Marketing Professionals","Human Resource and Training Professionals",0.751474364834334,0.501486446775253,0.727322319315782,0.283430508494629,0.702144182543778
"26","13-1111.00","224","22","2",2247,"Management and Organisation Analysts","Professionals","Business, Human Resource and Marketing Professionals","Information and Organisation Professionals",0.834636036317116,0.389615758936749,0.72865921960265,0.354525413352824,0.737805869713721
"27","13-1161.00","225","22","2",2251,"Advertising and Marketing Professionals","Professionals","Business, Human Resource and Marketing Professionals","Sales, Marketing and Public Relations Professionals",0.873691651409572,0.4393149165717,0.629215779696568,0.241516101659558,0.744169041339531
"28","13-2011.01","221","22","2",2211,"Accountants","Professionals","Business, Human Resource and Marketing Professionals","Accountants, Auditors and Company Secretaries",0.810198575132056,0.544909860659633,0.600046871753195,0.2123601458831,0.643652023559853
"29","13-2072.00","552","55","5",5522,"Credit and Loans Officers (Aus) / Finance Clerks (NZ)","Clerical And Administrative Workers","Numerical Clerks","Financial and Insurance Clerks",0.747772503956385,0.490769406170871,0.726109084644108,0.248183994435493,0.710111713890126
"30","15-1121.00","261","26","2",2611,"ICT Business and Systems Analysts","Professionals","ICT Professionals","Business and Systems Analysts, and Programmers",0.83379105116342,0.525579464462253,0.634255516169384,0.403289421777014,0.722451119689628
"31","15-1132.00","261","26","2",2613,"Software and Applications Programmers","Professionals","ICT Professionals","Business and Systems Analysts, and Programmers",0.830383920496154,0.48195464401593,0.540207551706793,0.214471514537926,0.76043375858391
"32","15-1134.00","261","26","2",2612,"Multimedia Specialists and Web Developers","Professionals","ICT Professionals","Business and Systems Analysts, and Programmers",0.800167546274968,0.554151604464277,0.579173193673599,0.284886242498355,0.722305370496729
"33","15-1141.00","262","26","2",2621,"Database and Systems Administrators, and ICT Security Specialists","Professionals","ICT Professionals","Database and Systems Administrators, and ICT Security Specialists",0.84585984965387,0.525504712097392,0.575310194480263,0.353736922361207,0.649482168021089
"34","15-1151.00","313","31","3",3131,"ICT Support Technicians","Technicians And Trades Workers","Engineering, ICT and Science Technicians","ICT and Telecommunications Technicians",0.78733567957959,0.484244172615417,0.647816295239301,0.538625547075501,0.703752956140473
"35","15-1199.01","263","26","2",2632,"ICT Support and Test Engineers","Professionals","ICT Professionals","ICT Network and Support Professionals",0.879799272705923,0.546413523175022,0.613045345247549,0.301859566521974,0.721291926315538
"36","15-2011.00","224","22","2",2241,"Actuaries, Mathematicians and Statisticians","Professionals","Business, Human Resource and Marketing Professionals","Information and Organisation Professionals",0.907345671842375,0.426954750797994,0.61719650894039,0.132879692861774,0.810176594915658
"37","15-2031.00","224","22","2",2249,"Other Information and Organisation Professionals","Professionals","Business, Human Resource and Marketing Professionals","Information and Organisation Professionals",0.870466021903974,0.347891598035594,0.594519124539644,0.128712086550919,0.756387705470777
"38","17-1011.00","232","23","2",2321,"Architects and Landscape Architects","Professionals","Design, Engineering, Science and Transport Professionals","Architects, Designers, Planners and Surveyors",0.795897156276192,0.458598393328022,0.693324020217844,0.381738661239358,0.854637952552062
"39","17-1022.00","232","23","2",2322,"Surveyors and Spatial Scientists","Professionals","Design, Engineering, Science and Transport Professionals","Architects, Designers, Planners and Surveyors",0.893575911778336,0.528284389270037,0.753371355316672,0.658151451926388,0.775821115222454
"40","17-2021.00","234","23","2",2341,"Agricultural and Forestry Scientists","Professionals","Design, Engineering, Science and Transport Professionals","Natural and Physical Science Professionals",0.838727023874654,0.380400334957293,0.621150721118763,0.533821082432558,0.784938996762085
"41","17-2041.00","233","23","2",2331,"Chemical and Materials Engineers","Professionals","Design, Engineering, Science and Transport Professionals","Engineering Professionals",0.84146773950998,0.413148726925281,0.655541872415964,0.428928513128781,0.772614630023587
"42","17-2051.00","233","23","2",2332,"Civil Engineering Professionals","Professionals","Design, Engineering, Science and Transport Professionals","Engineering Professionals",0.802376377315811,0.420986015547021,0.68308706132224,0.439797503089525,0.76195937415958
"43","17-2071.00","233","23","2",2333,"Electrical Engineers","Professionals","Design, Engineering, Science and Transport Professionals","Engineering Professionals",0.818072408951724,0.420044789129821,0.573905606946095,0.490567757365142,0.761572000578254
"44","17-2072.00","233","23","2",2334,"Electronics Engineers","Professionals","Design, Engineering, Science and Transport Professionals","Engineering Professionals",0.837437672545616,0.366649508050514,0.600341019300342,0.593463629845782,0.732031042972265
"45","17-2111.01","312","31","3",3126,"Safety Inspectors","Technicians And Trades Workers","Engineering, ICT and Science Technicians","Building and Engineering Technicians",0.833062055382955,0.406282809256729,0.735383442728935,0.529022610443857,0.742676984513175
"46","17-2112.00","233","23","2",2335,"Industrial, Mechanical and Production Engineers","Professionals","Design, Engineering, Science and Transport Professionals","Engineering Professionals",0.766236182611288,0.394001141229037,0.627402428634911,0.507433158237475,0.737548473489709
"47","17-2151.00","233","23","2",2336,"Mining Engineers","Professionals","Design, Engineering, Science and Transport Professionals","Engineering Professionals",0.83556078537801,0.448385575937724,0.611262112707369,0.430585410534142,0.762807875987484
"48","17-3022.00","312","31","3",3122,"Civil Engineering Draftspersons and Technicians","Technicians And Trades Workers","Engineering, ICT and Science Technicians","Building and Engineering Technicians",0.814631753714019,0.555972744330865,0.642709233085358,0.405113785468724,0.693345020024351
"49","17-3023.01","312","31","3",3124,"Electronic Engineering Draftspersons and Technicians","Technicians And Trades Workers","Engineering, ICT and Science Technicians","Building and Engineering Technicians",0.659143965733067,0.446263648365059,0.548080495105431,0.586079588108775,0.618162634613872
"50","17-3023.03","312","31","3",3123,"Electrical Engineering Draftspersons and Technicians","Technicians And Trades Workers","Engineering, ICT and Science Technicians","Building and Engineering Technicians",0.752869702144089,0.447835703944851,0.625845155421083,0.611073690446325,0.708662359570422
"51","17-3027.00","312","31","3",3125,"Mechanical Engineering Draftspersons and Technicians","Technicians And Trades Workers","Engineering, ICT and Science Technicians","Building and Engineering Technicians",0.710803671147943,0.442800477827589,0.59874058135143,0.722629012143062,0.695788666422602
"52","17-3029.05","312","31","3",3129,"Other Building and Engineering Technicians","Technicians And Trades Workers","Engineering, ICT and Science Technicians","Building and Engineering Technicians",0.717675618220184,0.529628284038781,0.64410739533292,0.512048452134806,0.707771906325611
"53","17-3031.01","312","31","3",3121,"Architectural, Building and Surveying Technicians","Technicians And Trades Workers","Engineering, ICT and Science Technicians","Building and Engineering Technicians",0.803919471485735,0.549715417571187,0.619589116541361,0.614697699737481,0.690471523423067
"54","19-1012.00","234","23","2",2342,"Chemists, and Food and Wine Scientists","Professionals","Design, Engineering, Science and Transport Professionals","Natural and Physical Science Professionals",0.811258519637544,0.474762659980756,0.63486457757261,0.49390996027066,0.746288003596611
"55","19-2041.00","234","23","2",2343,"Environmental Scientists","Professionals","Design, Engineering, Science and Transport Professionals","Natural and Physical Science Professionals",0.776042141878034,0.381861931488078,0.672210581217698,0.47038295566636,0.704749771787077
"56","19-2042.00","234","23","2",2344,"Geologists and Geophysicists","Professionals","Design, Engineering, Science and Transport Professionals","Natural and Physical Science Professionals",0.875912221334292,0.388118367965202,0.620364889539643,0.438893257761273,0.744365324623966
"57","19-3011.00","224","22","2",2243,"Economists","Professionals","Business, Human Resource and Marketing Professionals","Information and Organisation Professionals",0.855448864990609,0.318278357023364,0.594489740217464,0.157259322704995,0.719100687701415
"58","19-3031.02","272","27","2",2723,"Psychologists","Professionals","Legal, Social and Welfare Professionals","Social and Welfare Professionals",0.799824752787774,0.325221421758926,0.903777889922117,0.341041027715066,0.740631135972976
"59","19-3041.00","272","27","2",2724,"Social Professionals","Professionals","Legal, Social and Welfare Professionals","Social and Welfare Professionals",0.887602948313592,0.360605806502858,0.652997833668071,0.130179403837829,0.742801466990073
"60","19-3051.00","232","23","2",2326,"Urban and Regional Planners","Professionals","Design, Engineering, Science and Transport Professionals","Architects, Designers, Planners and Surveyors",0.751772098880036,0.440602804162767,0.659534913820347,0.192810721113304,0.762937540312616
"61","19-4011.01","311","31","3",3113,"Primary Products Inspectors","Technicians And Trades Workers","Engineering, ICT and Science Technicians","Agricultural, Medical and Science Technicians",0.674126196837386,0.529868317800407,0.529378591789246,0.572143232977836,0.584857815511438
"62","21-1022.00","411","41","4",4117,"Welfare Support Workers","Community And Personal Service Workers","Health and Welfare Support Workers","Health and Welfare Support Workers",0.751751031354716,0.338385244482667,0.880042242608113,0.235294010747547,0.756704839090915
"63","21-2011.00","272","27","2",2722,"Ministers of Religion","Professionals","Legal, Social and Welfare Professionals","Social and Welfare Professionals",0.738855129765479,0.262964537656055,0.937462016959613,0.401634630572098,0.875964918859833
"64","23-1011.00","271","27","2",2711,"Barristers","Professionals","Legal, Social and Welfare Professionals","Legal Professionals",0.80094948458676,0.4171803905554,0.718908946707729,0.191372829935607,0.850386033603862
"65","23-1011.00","271","27","2",2713,"Solicitors","Professionals","Legal, Social and Welfare Professionals","Legal Professionals",0.80094948458676,0.4171803905554,0.718908946707729,0.191372829935607,0.850386033603862
"66","23-1012.00","271","27","2",2712,"Judicial and Other Legal Professionals","Professionals","Legal, Social and Welfare Professionals","Legal Professionals",0.785582219249764,0.2,0.459631393217103,0.350301148456563,0.38375782559404
"67","23-1012.00","599","59","5",5992,"Court and Legal Clerks","Clerical And Administrative Workers","Other Clerical and Administrative Workers","Miscellaneous Clerical and Administrative Workers",0.785582219249764,0.2,0.459631393217103,0.350301148456563,0.38375782559404
"68","25-1072.00","254","25","2",2542,"Nurse Educators and Researchers","Professionals","Health Professionals","Midwifery and Nursing Professionals",0.779189167616684,0.312600347333034,0.853151403003599,0.430249032058922,0.815039650309543
"69","25-1194.00","242","24","2",2422,"Vocational Education Teachers (Aus) / Polytechnic Teachers (NZ)","Professionals","Education Professionals","Tertiary Education Teachers",0.568050585944446,0.465111416438022,0.823200755474717,0.511911764788201,0.696963710188432
"70","25-2011.00","241","24","2",2411,"Early Childhood (Pre-primary School) Teachers","Professionals","Education Professionals","School Teachers",0.5215523733614,0.339952344579937,0.782512309595855,0.383672050829542,0.726448933885213
"71","25-2021.00","241","24","2",2412,"Primary School Teachers","Professionals","Education Professionals","School Teachers",0.724315502967601,0.371228979063381,0.787596482644507,0.302555023445693,0.783912937162137
"72","25-2022.00","241","24","2",2413,"Middle School Teachers (Aus) / Intermediate School Teachers (NZ)","Professionals","Education Professionals","School Teachers",0.715547651844549,0.35910803864721,0.78483241984349,0.317737723187143,0.738076903036791
"73","25-2031.00","241","24","2",2414,"Secondary School Teachers","Professionals","Education Professionals","School Teachers",0.701017218290021,0.355493460482811,0.745419855207978,0.336550299691054,0.720030104177304
"74","25-2053.00","241","24","2",2415,"Special Education Teachers","Professionals","Education Professionals","School Teachers",0.686791747347985,0.332201100971047,0.770514216211766,0.285086496382498,0.750856614041774
"75","25-3011.00","249","24","2",2493,"Teachers of English to Speakers of Other Languages","Professionals","Education Professionals","Miscellaneous Education Professionals",0.664029652369408,0.387297368321174,0.745831755068786,0.248266915517998,0.686974857158456
"76","25-4012.00","224","22","2",2242,"Archivists, Curators and Records Managers","Professionals","Business, Human Resource and Marketing Professionals","Information and Organisation Professionals",0.745246050597139,0.380798663780196,0.768209056552921,0.388248474524717,0.81078871785207
"77","25-4021.00","224","22","2",2246,"Librarians","Professionals","Business, Human Resource and Marketing Professionals","Information and Organisation Professionals",0.768955698413622,0.478480567021341,0.717517434136988,0.34266233581853,0.641689627368543
"78","25-4031.00","399","39","3",3993,"Gallery, Library and Museum Technicians","Technicians And Trades Workers","Other Technicians and Trades Workers","Miscellaneous Technicians and Trades Workers",0.62171415018552,0.555874517257679,0.591918609398596,0.354362878870418,0.54049072748695
"79","25-9031.00","223","22","2",2233,"Training and Development Professionals","Professionals","Business, Human Resource and Marketing Professionals","Human Resource and Training Professionals",0.764295637595832,0.309045790661078,0.83114011502979,0.308314787912588,0.805866680618721
"80","25-9031.00","249","24","2",2491,"Education Advisers and Reviewers","Professionals","Education Professionals","Miscellaneous Education Professionals",0.764295637595832,0.309045790661078,0.83114011502979,0.308314787912588,0.805866680618721
"81","25-9041.00","422","42","4",4221,"Education Aides","Community And Personal Service Workers","Carers and Aides","Education Aides",0.56842115071435,0.328555709113533,0.720899355143185,0.328065749367907,0.574393972726156
"82","27-1011.00","212","21","2",2121,"Artistic Directors, and Media Producers and Presenters","Professionals","Arts and Media Professionals","Media Professionals",0.762460510356614,0.582189329352875,0.698194539217076,0.316470721519991,0.838383106395472
"83","27-1013.00","211","21","2",2114,"Visual Arts and Crafts Professionals","Professionals","Arts and Media Professionals","Arts Professionals",0.451477265498341,0.352478567004825,0.488258927173179,0.465042643479367,0.671558119893202
"84","27-1022.00","232","23","2",2323,"Fashion, Industrial and Jewellery Designers","Professionals","Design, Engineering, Science and Transport Professionals","Architects, Designers, Planners and Surveyors",0.652789639691824,0.360335712078627,0.710421010133565,0.399299902245868,0.806988612228334
"85","27-1023.00","362","36","3",3621,"Florists","Technicians And Trades Workers","Skilled Animal and Horticultural Workers","Horticultural Trades Workers",0.500093699525361,0.458985614759704,0.67761597146123,0.481204094796515,0.652995426932647
"86","27-1024.00","232","23","2",2324,"Graphic and Web Designers, and Illustrators","Professionals","Design, Engineering, Science and Transport Professionals","Architects, Designers, Planners and Surveyors",0.661253389655757,0.477958120777994,0.562331915140112,0.296821364030592,0.747354187606228
"87","27-1025.00","232","23","2",2325,"Interior Designers","Professionals","Design, Engineering, Science and Transport Professionals","Architects, Designers, Planners and Surveyors",0.690155378378339,0.381233023267067,0.720820016950608,0.343564319797903,0.785187449377567
"88","27-1026.00","639","63","6",6395,"Visual Merchandisers","Sales Workers","Sales Support Workers","Miscellaneous Sales Support Workers",0.45879171294313,0.433501429482246,0.582629825159138,0.352380709687017,0.70633895431722
"89","27-2011.00","211","21","2",2111,"Actors, Dancers and Other Entertainers","Professionals","Arts and Media Professionals","Arts Professionals",0.449863354990213,0.341027999842807,0.751696186151081,0.25088427425125,0.730952535500855
"90","27-2023.00","452","45","4",4523,"Sports Coaches, Instructors and Officials","Community And Personal Service Workers","Sports and Personal Service Workers","Sports and Fitness Workers",0.503392978918486,0.439042472143446,0.616768864229877,0.274303762342751,0.555021693514568
"91","27-3022.00","212","21","2",2124,"Journalists and Other Writers","Professionals","Arts and Media Professionals","Media Professionals",0.791100283669925,0.436580195600057,0.683737668247536,0.27867445819129,0.693237282389963
"92","27-3031.00","225","22","2",2253,"Public Relations Professionals","Professionals","Business, Human Resource and Marketing Professionals","Sales, Marketing and Public Relations Professionals",0.693414222873078,0.378221077869107,0.657370919949074,0.225963370624818,0.710847228660856
"93","27-4021.00","211","21","2",2113,"Photographers","Professionals","Arts and Media Professionals","Arts Professionals",0.479539433735098,0.595181269623798,0.609379060336527,0.5228709075012,0.641411583791194
"94","29-1011.00","252","25","2",2521,"Chiropractors and Osteopaths","Professionals","Health Professionals","Health Therapy Professionals",0.7948179393819,0.462060260729095,0.87437739719765,0.479822660083603,0.792046375848845
"95","29-1031.00","251","25","2",2511,"Dietitians","Professionals","Health Professionals","Health Diagnostic and Promotion Professionals",0.777969207020147,0.382277771835839,0.835700445478005,0.351819420434766,0.707808933600335
"96","29-1041.00","251","25","2",2514,"Optometrists and Orthoptists","Professionals","Health Professionals","Health Diagnostic and Promotion Professionals",0.756463933999076,0.505367472144507,0.795710590185179,0.45070581000692,0.751560266370383
"97","29-1051.00","251","25","2",2515,"Pharmacists","Professionals","Health Professionals","Health Diagnostic and Promotion Professionals",0.885023147982225,0.564208163227275,0.825351075012278,0.433296706091798,0.813948603456036
"98","29-1061.00","253","25","2",2532,"Anaesthetists","Professionals","Health Professionals","Medical Practitioners",0.833572220395727,0.46576552138027,0.824229383129553,0.652296720690679,0.80957380715569
"99","29-1062.00","253","25","2",2531,"Generalist Medical Practitioners","Professionals","Health Professionals","Medical Practitioners",0.778876350596262,0.357052802220813,0.775633300557183,0.304529686138045,0.758447910103839
"100","29-1066.00","253","25","2",2534,"Psychiatrists","Professionals","Health Professionals","Medical Practitioners",0.792830326124784,0.345497669177957,0.86205128269279,0.1721738569344,0.756229316443158
"101","29-1067.00","253","25","2",2535,"Surgeons","Professionals","Health Professionals","Medical Practitioners",0.81613024419405,0.421754537561945,0.863286225860948,0.505275971588998,0.85181913164212
"102","29-1081.00","252","25","2",2526,"Podiatrists","Professionals","Health Professionals","Health Therapy Professionals",0.779601441828721,0.414206531345086,0.817586423052867,0.46245918995032,0.777224651377548
"103","29-1122.00","252","25","2",2524,"Occupational Therapists","Professionals","Health Professionals","Health Therapy Professionals",0.78912576026601,0.302963018613587,0.890655390746484,0.439014420278505,0.820221823360422
"104","29-1123.00","252","25","2",2525,"Physiotherapists","Professionals","Health Professionals","Health Therapy Professionals",0.754033347597715,0.340515962398547,0.856244890980516,0.526076356479319,0.793093476726345
"105","29-1125.00","411","41","4",4113,"Diversional Therapists","Community And Personal Service Workers","Health and Welfare Support Workers","Health and Welfare Support Workers",0.696469785117195,0.329878610411478,0.844618352741376,0.469174487999484,0.726961181885387
"106","29-1131.00","234","23","2",2347,"Veterinarians","Professionals","Design, Engineering, Science and Transport Professionals","Natural and Physical Science Professionals",0.78355552278826,0.328903768296014,0.798517094669584,0.464639967440754,0.824153339466439
"107","29-1141.00","254","25","2",2543,"Nurse Managers","Professionals","Health Professionals","Midwifery and Nursing Professionals",0.75907334048675,0.459199087613308,0.838712197570874,0.529183603756433,0.716473367271084
"108","29-1141.00","254","25","2",2544,"Registered Nurses","Professionals","Health Professionals","Midwifery and Nursing Professionals",0.75907334048675,0.459199087613308,0.838712197570874,0.529183603756433,0.716473367271084
"109","29-1171.00","411","41","4",4114,"Enrolled and Mothercraft Nurses","Community And Personal Service Workers","Health and Welfare Support Workers","Health and Welfare Support Workers",0.852670433345957,0.364741344356916,0.906418542181524,0.422129969513548,0.790930287861165
"110","29-1171.00","411","41","4",4115,"Indigenous Health Workers","Community And Personal Service Workers","Health and Welfare Support Workers","Health and Welfare Support Workers",0.852670433345957,0.364741344356916,0.906418542181524,0.422129969513548,0.790930287861165
"111","29-1181.00","252","25","2",2527,"Speech Professionals and Audiologists","Professionals","Health Professionals","Health Therapy Professionals",0.788721872750036,0.402575768539518,0.841078872514542,0.507238864954889,0.702033557696948
"112","29-2011.00","234","23","2",2346,"Medical Laboratory Scientists","Professionals","Design, Engineering, Science and Transport Professionals","Natural and Physical Science Professionals",0.772904057029907,0.643545416950877,0.610601209337305,0.594962122757189,0.664713766639443
"113","29-2021.00","411","41","4",4112,"Dental Hygienists, Technicians and Therapists","Community And Personal Service Workers","Health and Welfare Support Workers","Health and Welfare Support Workers",0.669293701315363,0.580852419505069,0.757911371850431,0.455070617078414,0.600770006387674
"114","29-2032.00","251","25","2",2512,"Medical Imaging Professionals","Professionals","Health Professionals","Health Diagnostic and Promotion Professionals",0.762190988661427,0.570518199007869,0.76981754213548,0.623698152250145,0.635146662428922
"115","29-9011.00","251","25","2",2513,"Occupational and Environmental Health Professionals","Professionals","Health Professionals","Health Diagnostic and Promotion Professionals",0.797071515623785,0.381043343885813,0.724147846008989,0.536113964012407,0.737247764184336
"116","29-9099.01","254","25","2",2541,"Midwives","Professionals","Health Professionals","Midwifery and Nursing Professionals",0.800311535242205,0.252024433126415,0.8906538101096,0.511740155126107,0.792443204984551
"117","31-9011.00","411","41","4",4116,"Massage Therapists","Community And Personal Service Workers","Health and Welfare Support Workers","Health and Welfare Support Workers",0.550889592077724,0.419648060258599,0.778025660320364,0.280747856319442,0.586132586997903
"118","31-9091.00","423","42","4",4232,"Dental Assistants","Community And Personal Service Workers","Carers and Aides","Personal Carers and Assistants",0.582120126418484,0.530691892052302,0.746947526142322,0.549375820306842,0.613788354261674
"119","31-9095.00","621","62","6",6214,"Pharmacy Sales Assistants","Sales Workers","Sales Assistants and Salespersons","Sales Assistants and Salespersons",0.636326519806939,0.605888097373256,0.755484342108132,0.479579597164961,0.586360240361198
"120","31-9096.00","361","36","3",3613,"Veterinary Nurses","Technicians And Trades Workers","Skilled Animal and Horticultural Workers","Animal Attendants and Trainers, and Shearers",0.613094127444418,0.503922900989497,0.64578692052261,0.500904133240186,0.560454097491554
"121","33-3012.00","442","44","4",4421,"Prison Officers","Community And Personal Service Workers","Protective Service Workers","Prison and Security Officers",0.688734846692763,0.509232051915425,0.760734579090965,0.495461336414926,0.677442995800558
"122","33-3021.06","224","22","2",2244,"Intelligence and Policy Analysts","Professionals","Business, Human Resource and Marketing Professionals","Information and Organisation Professionals",0.914746684466588,0.500010709695654,0.677519055070872,0.255917351173936,0.736372371562469
"123","33-3051.01","441","44","4",4413,"Police","Community And Personal Service Workers","Protective Service Workers","Defence Force Members, Fire Fighters and Police",0.755205330646673,0.492732161507426,0.786116878079524,0.568755660083646,0.748008590126914
"124","33-9032.00","442","44","4",4422,"Security Officers and Guards","Community And Personal Service Workers","Protective Service Workers","Prison and Security Officers",0.432535480963993,0.492147896223361,0.678786885766689,0.306657957349061,0.604492950677438
"125","35-1011.00","351","35","3",3513,"Chefs","Technicians And Trades Workers","Food Trades Workers","Food Trades Workers",0.563477570542055,0.630018031363267,0.706756039931486,0.558498818454393,0.769973590576836
"126","35-2015.00","851","85","8",8511,"Fast Food Cooks","Labourers","Food Preparation Assistants","Food Preparation Assistants",0.39570298580802,0.630430158091406,0.616604044828418,0.374161468574638,0.528854904069085
"127","35-2021.00","851","85","8",8512,"Food Trades Assistants","Labourers","Food Preparation Assistants","Food Preparation Assistants",0.30371519332053,0.506974378609925,0.521392739488421,0.409263396940993,0.464294500046591
"128","35-3011.00","431","43","4",4311,"Bar Attendants and Baristas","Community And Personal Service Workers","Hospitality Workers","Hospitality Workers",0.538946461034055,0.468968270294453,0.765376075565783,0.522552123150337,0.604777449081569
"129","35-3031.00","431","43","4",4315,"Waiters","Community And Personal Service Workers","Hospitality Workers","Hospitality Workers",0.457719450439237,0.442538152748492,0.693617671510281,0.336772815063768,0.506919148782972
"130","35-9011.00","431","43","4",4312,"Cafe Workers","Community And Personal Service Workers","Hospitality Workers","Hospitality Workers",0.295963827571392,0.498929611522409,0.550022523868919,0.389771793570243,0.438404103428785
"131","35-9011.00","431","43","4",4319,"Other Hospitality Workers","Community And Personal Service Workers","Hospitality Workers","Hospitality Workers",0.295963827571392,0.498929611522409,0.550022523868919,0.389771793570243,0.438404103428785
"132","35-9021.00","851","85","8",8513,"Kitchenhands","Labourers","Food Preparation Assistants","Food Preparation Assistants",0.423995420122312,0.629008612265409,0.522641119036021,0.541766274465438,0.517230348920117
"133","35-9031.00","431","43","4",4314,"Hotel Service Managers","Community And Personal Service Workers","Hospitality Workers","Hospitality Workers",0.430771517844525,0.473478558046012,0.663898933040358,0.343891091953381,0.495119219282896
"134","37-2011.00","811","81","8",8112,"Commercial Cleaners","Labourers","Cleaners and Laundry Workers","Cleaners and Laundry Workers",0.319926705656586,0.471187082794294,0.566174140585904,0.560611541733671,0.459898568249948
"135","37-2011.00","811","81","8",8116,"Other Cleaners","Labourers","Cleaners and Laundry Workers","Cleaners and Laundry Workers",0.319926705656586,0.471187082794294,0.566174140585904,0.560611541733671,0.459898568249948
"136","37-2012.00","811","81","8",8114,"Housekeepers","Labourers","Cleaners and Laundry Workers","Cleaners and Laundry Workers",0.511245701190861,0.493471559006796,0.654437371513002,0.526210281573884,0.56987678531587
"137","37-2012.00","811","81","8",8113,"Domestic Cleaners","Labourers","Cleaners and Laundry Workers","Cleaners and Laundry Workers",0.511245701190861,0.493471559006796,0.654437371513002,0.526210281573884,0.56987678531587
"138","37-3011.00","362","36","3",3623,"Greenkeepers","Technicians And Trades Workers","Skilled Animal and Horticultural Workers","Horticultural Trades Workers",0.438674585522137,0.525992316718635,0.601870512151068,0.682992212814693,0.547500389712619
"139","37-3011.00","362","36","3",3622,"Gardeners","Technicians And Trades Workers","Skilled Animal and Horticultural Workers","Horticultural Trades Workers",0.438674585522137,0.525992316718635,0.601870512151068,0.682992212814693,0.547500389712619
"140","39-2011.00","361","36","3",3611,"Animal Attendants and Trainers","Technicians And Trades Workers","Skilled Animal and Horticultural Workers","Animal Attendants and Trainers, and Shearers",0.532710082197755,0.322807390305474,0.723712828726852,0.585982506386456,0.696204461068273
"141","39-3012.00","561","56","5",5611,"Betting Clerks","Clerical And Administrative Workers","Clerical and Office Support Workers","Clerical and Office Support Workers",0.638900176907158,0.746058622632285,0.72117002370499,0.496096179483397,0.553061100259783
"142","39-3091.00","149","14","1",1491,"Amusement, Fitness and Sports Centre Managers","Managers","Hospitality, Retail and Service Managers","Miscellaneous Hospitality, Retail and Service Managers",0.41013798888556,0.602761242199926,0.719443045347861,0.402749048174972,0.495424356068628
"143","39-4021.00","451","45","4",4513,"Funeral Workers","Community And Personal Service Workers","Sports and Personal Service Workers","Personal Service and Travel Workers",0.533721799360563,0.376264396279537,0.731549585139469,0.501084086920795,0.581013273183227
"144","39-5012.00","451","45","4",4511,"Beauty Therapists","Community And Personal Service Workers","Sports and Personal Service Workers","Personal Service and Travel Workers",0.493107818962157,0.461669438990841,0.774233706209027,0.419288417283677,0.672974464983194
"145","39-5012.00","391","39","3",3911,"Hairdressers","Technicians And Trades Workers","Other Technicians and Trades Workers","Hairdressers",0.493107818962157,0.461669438990841,0.774233706209027,0.419288417283677,0.672974464983194
"146","39-7011.00","451","45","4",4514,"Gallery, Museum and Tour Guides","Community And Personal Service Workers","Sports and Personal Service Workers","Personal Service and Travel Workers",0.509628666447377,0.40224490228665,0.684535503953925,0.360799250827635,0.575508887231928
"147","39-7011.00","452","45","4",4522,"Outdoor Adventure Guides","Community And Personal Service Workers","Sports and Personal Service Workers","Sports and Fitness Workers",0.509628666447377,0.40224490228665,0.684535503953925,0.360799250827635,0.575508887231928
"148","39-9011.00","421","42","4",4211,"Child Carers","Community And Personal Service Workers","Carers and Aides","Child Carers",0.463856015636451,0.407068511400424,0.713246636014747,0.39485268543601,0.630009445318275
"149","39-9021.00","423","42","4",4233,"Nursing Support and Personal Care Workers","Community And Personal Service Workers","Carers and Aides","Personal Carers and Assistants",0.502897486126845,0.39736893788293,0.627927292847097,0.396712103344087,0.544650219197184
"150","39-9021.00","423","42","4",4234,"Special Care Workers","Community And Personal Service Workers","Carers and Aides","Personal Carers and Assistants",0.502897486126845,0.39736893788293,0.627927292847097,0.396712103344087,0.544650219197184
"151","39-9021.00","423","42","4",4231,"Aged and Disabled Carers","Community And Personal Service Workers","Carers and Aides","Personal Carers and Assistants",0.502897486126845,0.39736893788293,0.627927292847097,0.396712103344087,0.544650219197184
"152","39-9031.00","452","45","4",4521,"Fitness Instructors","Community And Personal Service Workers","Sports and Personal Service Workers","Sports and Fitness Workers",0.489065179856779,0.42013728597088,0.834861719004142,0.448611225820373,0.644092482191361
"153","41-1011.00","142","14","1",1421,"Retail Managers","Managers","Hospitality, Retail and Service Managers","Retail Managers",0.598010513763397,0.438137656136666,0.743582654279058,0.48025189408373,0.708959088582367
"154","41-1011.00","621","62","6",6215,"Retail Supervisors","Sales Workers","Sales Assistants and Salespersons","Sales Assistants and Salespersons",0.598010513763397,0.438137656136666,0.743582654279058,0.48025189408373,0.708959088582367
"155","41-2011.00","631","63","6",6311,"Checkout Operators and Office Cashiers","Sales Workers","Sales Support Workers","Checkout Operators and Office Cashiers",0.469004077109834,0.587873601945285,0.666592449009854,0.369683394521688,0.475587368284014
"156","41-2022.00","621","62","6",6213,"Motor Vehicle and Vehicle Parts Salespersons","Sales Workers","Sales Assistants and Salespersons","Sales Assistants and Salespersons",0.582819042005225,0.510893357891184,0.63980879445093,0.367109916756946,0.572734242344753
"157","41-2031.00","621","62","6",6219,"Other Sales Assistants and Salespersons","Sales Workers","Sales Assistants and Salespersons","Sales Assistants and Salespersons",0.593663568833437,0.418013713164734,0.742308954204353,0.466841209521408,0.622438187607308
"158","41-3021.00","611","61","6",6113,"Sales Representatives","Sales Workers","Sales Representatives and Agents","Insurance Agents and Sales Representatives",0.665039390675819,0.439162418223473,0.726268975328615,0.25667011163841,0.702812863961613
"159","41-3021.00","611","61","6",6112,"Insurance Agents","Sales Workers","Sales Representatives and Agents","Insurance Agents and Sales Representatives",0.665039390675819,0.439162418223473,0.726268975328615,0.25667011163841,0.702812863961613
"160","41-3021.00","611","61","6",6111,"Auctioneers, and Stock and Station Agents","Sales Workers","Sales Representatives and Agents","Insurance Agents and Sales Representatives",0.665039390675819,0.439162418223473,0.726268975328615,0.25667011163841,0.702812863961613
"161","41-9012.00","639","63","6",6391,"Models and Sales Demonstrators","Sales Workers","Sales Support Workers","Miscellaneous Sales Support Workers",0.228212722623864,0.350781225232727,0.431625915565341,0.136348012083971,0.367280431165501
"162","41-9022.00","612","61","6",6121,"Real Estate Sales Agents","Sales Workers","Sales Representatives and Agents","Real Estate Sales Agents",0.723034383570225,0.325714768965859,0.767094362310082,0.359579501086597,0.666664723949566
"163","41-9031.00","621","62","6",6212,"ICT Sales Assistants","Sales Workers","Sales Assistants and Salespersons","Sales Assistants and Salespersons",0.797455794763891,0.470477536265981,0.758634813285926,0.406014081794669,0.779190463132757
"164","41-9031.00","225","22","2",2252,"ICT Sales Professionals","Professionals","Business, Human Resource and Marketing Professionals","Sales, Marketing and Public Relations Professionals",0.797455794763891,0.470477536265981,0.758634813285926,0.406014081794669,0.779190463132757
"165","41-9031.00","225","22","2",2254,"Technical Sales Representatives","Professionals","Business, Human Resource and Marketing Professionals","Sales, Marketing and Public Relations Professionals",0.797455794763891,0.470477536265981,0.758634813285926,0.406014081794669,0.779190463132757
"166","41-9041.00","639","63","6",6393,"Telemarketers","Sales Workers","Sales Support Workers","Miscellaneous Sales Support Workers",0.542887022431768,0.585148638089919,0.524022646665394,0.225524500879348,0.474801041311764
"167","41-9091.00","621","62","6",6217,"Street Vendors and Related Salespersons","Sales Workers","Sales Assistants and Salespersons","Sales Assistants and Salespersons",0.440270943467528,0.291859093032778,0.705413075434122,0.209181631023071,0.520582493604874
"168","43-2011.00","561","56","5",5616,"Switchboard Operators","Clerical And Administrative Workers","Clerical and Office Support Workers","Clerical and Office Support Workers",0.548683433488496,0.578717722809251,0.62257426738252,0.251182542503058,0.496845757518533
"169","43-3011.00","599","59","5",5993,"Debt Collectors","Clerical And Administrative Workers","Other Clerical and Administrative Workers","Miscellaneous Clerical and Administrative Workers",0.724117767792757,0.572555655793041,0.612259498502864,0.244446473890304,0.59036645652999
"170","43-3031.00","551","55","5",5511,"Accounting Clerks","Clerical And Administrative Workers","Numerical Clerks","Accounting Clerks and Bookkeepers",0.751932010292567,0.551385393701089,0.575875361443322,0.251678902718971,0.592456856117694
"171","43-3031.00","551","55","5",5512,"Bookkeepers","Clerical And Administrative Workers","Numerical Clerks","Accounting Clerks and Bookkeepers",0.751932010292567,0.551385393701089,0.575875361443322,0.251678902718971,0.592456856117694
"172","43-3051.00","551","55","5",5513,"Payroll Clerks","Clerical And Administrative Workers","Numerical Clerks","Accounting Clerks and Bookkeepers",0.6921953136016,0.532927923333671,0.559860594835712,0.23959407455764,0.55587656006054
"173","43-3061.00","591","59","5",5911,"Purchasing and Supply Logistics Clerks","Clerical And Administrative Workers","Other Clerical and Administrative Workers","Logistics Clerks",0.72033372084905,0.555143539735319,0.657443547510825,0.300422885126277,0.651929545470317
"174","43-3071.00","552","55","5",5521,"Bank Workers","Clerical And Administrative Workers","Numerical Clerks","Financial and Insurance Clerks",0.630032271219704,0.606835809936459,0.663546406033597,0.373754512973239,0.600296599712683
"175","43-4011.00","222","22","2",2221,"Financial Brokers","Professionals","Business, Human Resource and Marketing Professionals","Financial Brokers and Dealers, and Investment Advisers",0.741719099097082,0.531452868232126,0.637326749080061,0.299894666566947,0.635160722925408
"176","43-4071.00","561","56","5",5613,"Filing and Registry Clerks","Clerical And Administrative Workers","Clerical and Office Support Workers","Clerical and Office Support Workers",0.641415603715796,0.498920070776232,0.637486854601049,0.355161830064182,0.567445959112556
"177","43-4111.00","561","56","5",5615,"Survey Interviewers","Clerical And Administrative Workers","Clerical and Office Support Workers","Clerical and Office Support Workers",0.686155408181342,0.62454110640875,0.709755981323479,0.31079648401007,0.594941795050508
"178","43-4121.00","599","59","5",5997,"Library Assistants","Clerical And Administrative Workers","Other Clerical and Administrative Workers","Miscellaneous Clerical and Administrative Workers",0.710807705816993,0.53612144241726,0.693882172567191,0.439173436802604,0.574441659592402
"179","43-4161.00","599","59","5",5994,"Human Resource Clerks","Clerical And Administrative Workers","Other Clerical and Administrative Workers","Miscellaneous Clerical and Administrative Workers",0.737998449049714,0.520771548462618,0.67286566481277,0.265498832723403,0.565401613248939
"180","43-4171.00","542","54","5",5421,"Receptionists","Clerical And Administrative Workers","Inquiry Clerks and Receptionists","Receptionists",0.591185878535006,0.519374750923339,0.683405183148625,0.32564913048394,0.49065900094675
"181","43-4171.00","541","54","5",5412,"Inquiry Clerks","Clerical And Administrative Workers","Inquiry Clerks and Receptionists","Call or Contact Centre Information Clerks",0.591185878535006,0.519374750923339,0.683405183148625,0.32564913048394,0.49065900094675
"182","43-4181.00","639","63","6",6394,"Ticket Salespersons","Sales Workers","Sales Support Workers","Miscellaneous Sales Support Workers",0.762157311371076,0.705952589416259,0.754401493625006,0.397253986752917,0.572833811356253
"183","43-4181.00","451","45","4",4516,"Tourism and Travel Advisers","Community And Personal Service Workers","Sports and Personal Service Workers","Personal Service and Travel Workers",0.762157311371076,0.705952589416259,0.754401493625006,0.397253986752917,0.572833811356253
"184","43-5011.00","591","59","5",5912,"Transport and Despatch Clerks","Clerical And Administrative Workers","Other Clerical and Administrative Workers","Logistics Clerks",0.695313646913615,0.508370057498164,0.607789734535401,0.374309994633642,0.666645512254088
"185","43-5021.00","561","56","5",5612,"Couriers and Postal Deliverers","Clerical And Administrative Workers","Clerical and Office Support Workers","Clerical and Office Support Workers",0.575902070084109,0.44313964970722,0.642124965346428,0.505611799609803,0.563311467716436
"186","43-5053.00","561","56","5",5614,"Mail Sorters","Clerical And Administrative Workers","Clerical and Office Support Workers","Clerical and Office Support Workers",0.494034432716282,0.700566094089446,0.537509838662495,0.500573829360421,0.52533728145386
"187","43-5061.00","511","51","5",5111,"Contract, Program and Project Administrators","Clerical And Administrative Workers","Office Managers and Program Administrators","Contract, Program and Project Administrators",0.69271859990928,0.527027750217158,0.624603228887762,0.363719832404163,0.712665009146202
"188","43-5081.03","741","74","7",7411,"Storepersons","Machinery Operators And Drivers","Storepersons","Storepersons",0.443209183571462,0.495002429105203,0.576342202822626,0.495910654129003,0.490760052595678
"189","43-6011.00","521","52","5",5211,"Personal Assistants","Clerical And Administrative Workers","Personal Assistants and Secretaries","Personal Assistants and Secretaries",0.721328369468683,0.502547903213926,0.727273700257974,0.31408451545608,0.580620552034903
"190","43-6011.00","512","51","5",5122,"Practice Managers","Clerical And Administrative Workers","Office Managers and Program Administrators","Office and Practice Managers",0.721328369468683,0.502547903213926,0.727273700257974,0.31408451545608,0.580620552034903
"191","43-6011.00","521","52","5",5212,"Secretaries","Clerical And Administrative Workers","Personal Assistants and Secretaries","Personal Assistants and Secretaries",0.721328369468683,0.502547903213926,0.727273700257974,0.31408451545608,0.580620552034903
"192","43-6011.00","512","51","5",5121,"Office Managers","Clerical And Administrative Workers","Office Managers and Program Administrators","Office and Practice Managers",0.721328369468683,0.502547903213926,0.727273700257974,0.31408451545608,0.580620552034903
"193","43-6012.00","599","59","5",5991,"Conveyancers and Legal Executives","Clerical And Administrative Workers","Other Clerical and Administrative Workers","Miscellaneous Clerical and Administrative Workers",0.759210997394273,0.548689117244518,0.637410968603148,0.289128774341892,0.559060636027396
"194","43-9021.00","532","53","5",5321,"Keyboard Operators","Clerical And Administrative Workers","General Clerical Workers","Keyboard Operators",0.828677803133036,0.611042614711455,0.597268649177383,0.31494186803216,0.581580732838645
"195","43-9061.00","599","59","5",5999,"Other Miscellaneous Clerical and Administrative Workers","Clerical And Administrative Workers","Other Clerical and Administrative Workers","Miscellaneous Clerical and Administrative Workers",0.657916690925266,0.500775746309421,0.661114232875455,0.353269130922973,0.499607268709514
"196","43-9061.00","531","53","5",5311,"General Clerks","Clerical And Administrative Workers","General Clerical Workers","General Clerks",0.657916690925266,0.500775746309421,0.661114232875455,0.353269130922973,0.499607268709514
"197","43-9061.00","561","56","5",5619,"Other Clerical and Office Support Workers","Clerical And Administrative Workers","Clerical and Office Support Workers","Clerical and Office Support Workers",0.657916690925266,0.500775746309421,0.661114232875455,0.353269130922973,0.499607268709514
"198","43-9111.00","552","55","5",5523,"Insurance, Money Market and Statistical Clerks","Clerical And Administrative Workers","Numerical Clerks","Financial and Insurance Clerks",0.842866509601989,0.433551471850051,0.581476109403564,0.232853464514938,0.679200366115156
"199","45-2091.00","721","72","7",7211,"Agricultural, Forestry and Horticultural Plant Operators","Machinery Operators And Drivers","Mobile Plant Operators","Mobile Plant Operators",0.44586949905443,0.571089694735015,0.49591574539568,0.773110454565752,0.549228183835166
"200","45-2091.00","311","31","3",3111,"Agricultural Technicians","Technicians And Trades Workers","Engineering, ICT and Science Technicians","Agricultural, Medical and Science Technicians",0.44586949905443,0.571089694735015,0.49591574539568,0.773110454565752,0.549228183835166
"201","45-2092.01","841","84","8",8414,"Garden and Nursery Labourers","Labourers","Farm, Forestry and Garden Workers","Farm, Forestry and Garden Workers",0.467291432915174,0.56309183956966,0.609545794348311,0.558130508504295,0.486462939610892
"202","45-2092.01","362","36","3",3624,"Nurserypersons","Technicians And Trades Workers","Skilled Animal and Horticultural Workers","Horticultural Trades Workers",0.467291432915174,0.56309183956966,0.609545794348311,0.558130508504295,0.486462939610892
"203","45-2092.02","841","84","8",8412,"Crop Farm Workers","Labourers","Farm, Forestry and Garden Workers","Farm, Forestry and Garden Workers",0.274022863063522,0.662637511056187,0.448186059798015,0.469337690971627,0.474897915681612
"204","45-2093.00","361","36","3",3612,"Shearers","Technicians And Trades Workers","Skilled Animal and Horticultural Workers","Animal Attendants and Trainers, and Shearers",0.511167080951207,0.505164743118228,0.654125009099429,0.740226225579731,0.65535549861845
"205","45-2093.00","841","84","8",8411,"Aquaculture Workers","Labourers","Farm, Forestry and Garden Workers","Farm, Forestry and Garden Workers",0.511167080951207,0.505164743118228,0.654125009099429,0.740226225579731,0.65535549861845
"206","45-2093.00","841","84","8",8415,"Livestock Farm Workers","Labourers","Farm, Forestry and Garden Workers","Farm, Forestry and Garden Workers",0.511167080951207,0.505164743118228,0.654125009099429,0.740226225579731,0.65535549861845
"207","45-3011.00","899","89","8",8992,"Deck and Fishing Hands","Labourers","Other Labourers","Miscellaneous Labourers",0.418914241327909,0.636172096944035,0.528561362649223,0.664358405505189,0.584908909125279
"208","45-4011.00","841","84","8",8413,"Forestry and Logging Workers","Labourers","Farm, Forestry and Garden Workers","Farm, Forestry and Garden Workers",0.567111906414399,0.555261304316398,0.661599748582429,0.628678944015952,0.70868721543402
"209","47-2021.00","331","33","3",3311,"Bricklayers and Stonemasons","Technicians And Trades Workers","Construction Trades Workers","Bricklayers, and Carpenters and Joiners",0.508052787476905,0.549825176455549,0.628579490223976,0.785334200196776,0.701458093745286
"210","47-2043.00","332","33","3",3321,"Floor Finishers","Technicians And Trades Workers","Construction Trades Workers","Floor Finishers and Painting Trades Workers",0.378253582734278,0.537100976687714,0.551972617390089,0.678023110978716,0.635533449273197
"211","47-2044.00","333","33","3",3334,"Wall and Floor Tilers","Technicians And Trades Workers","Construction Trades Workers","Glaziers, Plasterers and Tilers",0.439298606958853,0.451191555754307,0.577270333228233,0.64406415914865,0.701785535035279
"212","47-2073.00","721","72","7",7212,"Earthmoving Plant Operators","Machinery Operators And Drivers","Mobile Plant Operators","Mobile Plant Operators",0.573602315522893,0.561731288142755,0.604025917795244,0.799282878362731,0.673519031347783
"213","47-2111.00","341","34","3",3411,"Electricians","Technicians And Trades Workers","Electrotechnology and Telecommunications Trades Workers","Electricians",0.546679901890275,0.437466025751273,0.612154366412817,0.756879412457608,0.659020731719551
"214","47-2121.00","333","33","3",3331,"Glaziers","Technicians And Trades Workers","Construction Trades Workers","Glaziers, Plasterers and Tilers",0.387925148660901,0.47749863413298,0.555315127648971,0.557290114407089,0.566560286722039
"215","47-2131.00","821","82","8",8214,"Insulation and Home Improvement Installers","Labourers","Construction and Mining Labourers","Construction and Mining Labourers",0.463100887773003,0.53589740504114,0.551943848388903,0.619435433352514,0.580212974462046
"216","47-2152.02","334","33","3",3341,"Plumbers","Technicians And Trades Workers","Construction Trades Workers","Plumbers",0.546805685660093,0.436338815083346,0.689332834412981,0.745274638532022,0.758252921271165
"217","47-2161.00","333","33","3",3332,"Plasterers","Technicians And Trades Workers","Construction Trades Workers","Glaziers, Plasterers and Tilers",0.482858550559879,0.576283369766088,0.637194920083884,0.619012800548995,0.69065648402547
"218","47-2181.00","333","33","3",3333,"Roof Tilers","Technicians And Trades Workers","Construction Trades Workers","Glaziers, Plasterers and Tilers",0.437363104519587,0.592446867891485,0.598442311676011,0.654763172637739,0.738342160886298
"219","47-2211.00","322","32","3",3222,"Sheetmetal Trades Workers","Technicians And Trades Workers","Automotive and Engineering Trades Workers","Fabrication Engineering Trades Workers",0.563879348272078,0.508019236115225,0.609115402038813,0.732448130386082,0.722689243249892
"220","47-2221.00","821","82","8",8217,"Structural Steel Construction Workers","Labourers","Construction and Mining Labourers","Construction and Mining Labourers",0.521619024521523,0.499529758947516,0.60285769692703,0.815720887167023,0.704753408246783
"221","47-2221.00","322","32","3",3223,"Structural Steel and Welding Trades Workers","Technicians And Trades Workers","Automotive and Engineering Trades Workers","Fabrication Engineering Trades Workers",0.521619024521523,0.499529758947516,0.60285769692703,0.815720887167023,0.704753408246783
"222","47-3011.00","821","82","8",8215,"Paving and Surfacing Labourers","Labourers","Construction and Mining Labourers","Construction and Mining Labourers",0.523794600470225,0.540226981407034,0.635240915555684,0.773851108992527,0.623766161909937
"223","47-3015.00","821","82","8",8211,"Building and Plumbing Labourers","Labourers","Construction and Mining Labourers","Construction and Mining Labourers",0.491349661838676,0.535092849313776,0.631067875443649,0.71560093475179,0.718241102110584
"224","47-4031.00","821","82","8",8213,"Fencers","Labourers","Construction and Mining Labourers","Construction and Mining Labourers",0.426218071194751,0.430005241675228,0.561462252020476,0.679953561389889,0.629881782474965
"225","47-4061.00","821","82","8",8216,"Railway Track Workers","Labourers","Construction and Mining Labourers","Construction and Mining Labourers",0.558865215304486,0.528154926883838,0.625661014650652,0.735984828467745,0.651119437824977
"226","47-5021.00","712","71","7",7122,"Drillers, Miners and Shot Firers","Machinery Operators And Drivers","Machine and Stationary Plant Operators","Stationary Plant Operators",0.461388813249813,0.522554523419934,0.559352061707822,0.775122810312751,0.65563046662932
"227","49-2093.00","342","34","3",3423,"Electronics Trades Workers","Technicians And Trades Workers","Electrotechnology and Telecommunications Trades Workers","Electronics and Telecommunications Trades Workers",0.697672065648887,0.567990228298672,0.503811063675333,0.593089090890712,0.568053377580766
"228","49-3011.00","323","32","3",3231,"Aircraft Maintenance Engineers","Technicians And Trades Workers","Automotive and Engineering Trades Workers","Mechanical Engineering Trades Workers",0.723668851516063,0.457477294135657,0.597779854151718,0.823464460806658,0.698919133395016
"229","49-3021.00","324","32","3",3241,"Panelbeaters","Technicians And Trades Workers","Automotive and Engineering Trades Workers","Panelbeaters, and Vehicle Body Builders, Trimmers and Painters",0.49602534063546,0.411168278174662,0.526500456778384,0.585411775341807,0.569027820642141
"230","49-3021.00","324","32","3",3242,"Vehicle Body Builders and Trimmers","Technicians And Trades Workers","Automotive and Engineering Trades Workers","Panelbeaters, and Vehicle Body Builders, Trimmers and Painters",0.49602534063546,0.411168278174662,0.526500456778384,0.585411775341807,0.569027820642141
"231","49-3023.02","321","32","3",3211,"Automotive Electricians","Technicians And Trades Workers","Automotive and Engineering Trades Workers","Automotive Electricians and Mechanics",0.654823660920531,0.453030224776873,0.648671342592469,0.75572665427812,0.698509177450217
"232","49-9021.01","342","34","3",3421,"Airconditioning and Refrigeration Mechanics","Technicians And Trades Workers","Electrotechnology and Telecommunications Trades Workers","Electronics and Telecommunications Trades Workers",0.53273061340231,0.453654738685756,0.609107364150284,0.749346401259203,0.690683864149519
"233","49-9043.00","899","89","8",8994,"Motor Vehicle Parts and Accessories Fitters","Labourers","Other Labourers","Miscellaneous Labourers",0.539004898866757,0.522392731862716,0.526982929899502,0.796028737261742,0.660437383911516
"234","49-9051.00","342","34","3",3422,"Electrical Distribution Trades Workers","Technicians And Trades Workers","Electrotechnology and Telecommunications Trades Workers","Electronics and Telecommunications Trades Workers",0.649311183303585,0.452504731700806,0.794093206708008,0.897876623630831,0.790354721254837
"235","49-9052.00","342","34","3",3424,"Telecommunications Trades Workers","Technicians And Trades Workers","Electrotechnology and Telecommunications Trades Workers","Electronics and Telecommunications Trades Workers",0.691184440368139,0.553409300631986,0.724140619930408,0.78590009872377,0.68442349730438
"236","49-9071.00","899","89","8",8993,"Handypersons","Labourers","Other Labourers","Miscellaneous Labourers",0.599414614668827,0.455011011394794,0.639193638612221,0.787906594560624,0.678479812749936
"237","49-9071.00","899","89","8",8991,"Caretakers","Labourers","Other Labourers","Miscellaneous Labourers",0.599414614668827,0.455011011394794,0.639193638612221,0.787906594560624,0.678479812749936
"238","49-9091.00","899","89","8",8997,"Vending Machine Attendants","Labourers","Other Labourers","Miscellaneous Labourers",0.58784900696016,0.472082201915344,0.621255245287407,0.82997553669134,0.638509168238262
"239","49-9096.00","399","39","3",3991,"Boat Builders and Shipwrights","Technicians And Trades Workers","Other Technicians and Trades Workers","Miscellaneous Technicians and Trades Workers",0.437651416544304,0.44049559846535,0.493763775151464,0.629115570549581,0.688264442380962
"240","51-1011.00","839","83","8",8393,"Product Quality Controllers","Labourers","Factory Process Workers","Miscellaneous Factory Process Workers",0.626556558270313,0.571433336177836,0.684507556022075,0.651680345582829,0.705057527322057
"241","51-2041.00","322","32","3",3221,"Metal Casting, Forging and Finishing Trades Workers","Technicians And Trades Workers","Automotive and Engineering Trades Workers","Fabrication Engineering Trades Workers",0.436854991765826,0.473272861522044,0.483218555314468,0.527672689760125,0.467119221981755
"242","51-3011.00","351","35","3",3512,"Butchers and Smallgoods Makers","Technicians And Trades Workers","Food Trades Workers","Food Trades Workers",0.517088265750696,0.447484205700235,0.677452396341236,0.525220566287484,0.579916774768593
"243","51-3011.00","351","35","3",3511,"Bakers and Pastrycooks","Technicians And Trades Workers","Food Trades Workers","Food Trades Workers",0.517088265750696,0.447484205700235,0.677452396341236,0.525220566287484,0.579916774768593
"244","51-3022.00","831","83","8",8313,"Meat, Poultry and Seafood Process Workers","Labourers","Factory Process Workers","Food Process Workers",0.313574460464375,0.600179739272393,0.463244236332136,0.524877462514295,0.472026218317334
"245","51-3023.00","831","83","8",8312,"Meat Boners and Slicers, and Slaughterers","Labourers","Factory Process Workers","Food Process Workers",0.382685661117035,0.665275879253854,0.518551517537444,0.515718547071989,0.543046344582434
"246","51-4041.00","323","32","3",3232,"Metal Fitters and Machinists","Technicians And Trades Workers","Automotive and Engineering Trades Workers","Mechanical Engineering Trades Workers",0.579498240232598,0.580838441395131,0.533010866593191,0.665549508018185,0.623445993228701
"247","51-4051.00","839","83","8",8391,"Metal Engineering Process Workers","Labourers","Factory Process Workers","Miscellaneous Factory Process Workers",0.558033773618367,0.619856535546894,0.483377611348865,0.721942273469582,0.599708571769343
"248","51-4194.00","323","32","3",3234,"Toolmakers and Engineering Patternmakers","Technicians And Trades Workers","Automotive and Engineering Trades Workers","Mechanical Engineering Trades Workers",0.640264739858241,0.582322757571364,0.653573091901492,0.74973500411576,0.672222944530606
"249","51-5111.00","392","39","3",3922,"Graphic Pre-press Trades Workers","Technicians And Trades Workers","Other Technicians and Trades Workers","Printing Trades Workers",0.631690097683189,0.622773104525222,0.56339415566479,0.494181168959908,0.649870815585914
"250","51-5112.00","392","39","3",3923,"Printers","Technicians And Trades Workers","Other Technicians and Trades Workers","Printing Trades Workers",0.62219567583553,0.612913006097531,0.495522937506539,0.712051622598121,0.694456640361847
"251","51-5113.00","399","39","3",3996,"Signwriters","Technicians And Trades Workers","Other Technicians and Trades Workers","Miscellaneous Technicians and Trades Workers",0.485363962811457,0.2,0.349590812629711,0.612735385716541,0.294068920266152
"252","51-5113.00","899","89","8",8995,"Printing Assistants and Table Workers","Labourers","Other Labourers","Miscellaneous Labourers",0.485363962811457,0.2,0.349590812629711,0.612735385716541,0.294068920266152
"253","51-6011.00","811","81","8",8115,"Laundry Workers","Labourers","Cleaners and Laundry Workers","Cleaners and Laundry Workers",0.394572119314017,0.622677346356114,0.558817611445765,0.503826913722897,0.495599310516215
"254","51-6031.00","711","71","7",7116,"Sewing Machinists","Machinery Operators And Drivers","Machine and Stationary Plant Operators","Machine Operators",0.404370901589566,0.634095651564211,0.46910629650391,0.511900867631885,0.482435971996518
"255","51-6041.00","393","39","3",3931,"Canvas and Leather Goods Makers","Technicians And Trades Workers","Other Technicians and Trades Workers","Textile, Clothing and Footwear Trades Workers",0.329270823168251,0.443523483523756,0.479211092869166,0.414492483895391,0.498069981045073
"256","51-6063.00","711","71","7",7117,"Textile and Footwear Production Machine Operators","Machinery Operators And Drivers","Machine and Stationary Plant Operators","Machine Operators",0.440623570876214,0.675534343144598,0.449569556807239,0.663308304501013,0.43427057035132
"257","51-6093.00","393","39","3",3933,"Upholsterers","Technicians And Trades Workers","Other Technicians and Trades Workers","Textile, Clothing and Footwear Trades Workers",0.501255257119172,0.560651144778817,0.544035583635855,0.666509926153935,0.610585139454971
"258","51-7011.00","394","39","3",3941,"Cabinetmakers","Technicians And Trades Workers","Other Technicians and Trades Workers","Wood Trades Workers",0.459341097327923,0.582718615506772,0.483823118088869,0.729827998961072,0.551068443439464
"259","51-7042.00","394","39","3",3942,"Wood Machinists and Other Wood Trades Workers","Technicians And Trades Workers","Other Technicians and Trades Workers","Wood Trades Workers",0.465276577811247,0.637957037430083,0.492588544039218,0.638231576467014,0.565119810864311
"260","51-7042.00","839","83","8",8394,"Timber and Wood Process Workers","Labourers","Factory Process Workers","Miscellaneous Factory Process Workers",0.465276577811247,0.637957037430083,0.492588544039218,0.638231576467014,0.565119810864311
"261","51-8013.00","399","39","3",3992,"Chemical, Gas, Petroleum and Power Generation Plant Operators","Technicians And Trades Workers","Other Technicians and Trades Workers","Miscellaneous Technicians and Trades Workers",0.714613676604395,0.532334537340898,0.576375403756073,0.797819977607391,0.670068508713981
"262","51-8091.00","839","83","8",8392,"Plastics and Rubber Factory Workers","Labourers","Factory Process Workers","Miscellaneous Factory Process Workers",0.693562643058115,0.629563039320496,0.576764242345996,0.711503042451783,0.681957536655799
"263","51-9021.00","711","71","7",7111,"Clay, Concrete, Glass and Stone Processing Machine Operators","Machinery Operators And Drivers","Machine and Stationary Plant Operators","Machine Operators",0.573166390089628,0.577903087904955,0.585927050611719,0.750925778890345,0.670139975010032
"264","51-9032.00","711","71","7",7113,"Paper and Wood Processing Machine Operators","Machinery Operators And Drivers","Machine and Stationary Plant Operators","Machine Operators",0.682721815914962,0.739129658899438,0.626805375228892,0.744259341032788,0.611378728290786
"265","51-9051.00","711","71","7",7115,"Plastics and Rubber Production Machine Operators","Machinery Operators And Drivers","Machine and Stationary Plant Operators","Machine Operators",0.540799143392756,0.595222813239141,0.548910271113858,0.679169043027323,0.520407556009103
"266","51-9061.00","599","59","5",5995,"Inspectors and Regulatory Officers","Clerical And Administrative Workers","Other Clerical and Administrative Workers","Miscellaneous Clerical and Administrative Workers",0.620509362722479,0.584509528043206,0.539220475511024,0.542594565646612,0.61361121840609
"267","51-9071.01","399","39","3",3994,"Jewellers","Technicians And Trades Workers","Other Technicians and Trades Workers","Miscellaneous Technicians and Trades Workers",0.515446045779427,0.470377760172832,0.633682676455559,0.528966885583399,0.642571564142637
"268","51-9082.00","311","31","3",3112,"Medical Technicians","Technicians And Trades Workers","Engineering, ICT and Science Technicians","Agricultural, Medical and Science Technicians",0.601112604786241,0.435454552639678,0.731136398462424,0.721976990609978,0.694952647330595
"269","51-9121.00","711","71","7",7112,"Industrial Spraypainters","Machinery Operators And Drivers","Machine and Stationary Plant Operators","Machine Operators",0.578439460120051,0.644365607099117,0.519920521146537,0.733860969651922,0.614453071427571
"270","51-9122.00","324","32","3",3243,"Vehicle Painters","Technicians And Trades Workers","Automotive and Engineering Trades Workers","Panelbeaters, and Vehicle Body Builders, Trimmers and Painters",0.424540005728984,0.548485396591707,0.556082497548669,0.636243024752793,0.518709609202651
"271","51-9123.00","332","33","3",3322,"Painting Trades Workers","Technicians And Trades Workers","Construction Trades Workers","Floor Finishers and Painting Trades Workers",0.389525272081161,0.67967099832237,0.520884614565963,0.546977072107268,0.559930099166426
"272","51-9151.00","711","71","7",7114,"Photographic Developers and Printers","Machinery Operators And Drivers","Machine and Stationary Plant Operators","Machine Operators",0.53422373922462,0.2,0.434616292861141,0.575678211877291,0.310967798906363
"273","51-9194.00","392","39","3",3921,"Print Finishers and Screen Printers","Technicians And Trades Workers","Other Technicians and Trades Workers","Printing Trades Workers",0.579629182942873,0.631291156613912,0.586453519418271,0.6238124319062,0.640742115831639
"274","51-9199.01","899","89","8",8996,"Recycling and Rubbish Collectors","Labourers","Other Labourers","Miscellaneous Labourers",0.554708512797557,0.557953615986366,0.560342916894689,0.713514233984502,0.588787732123413
"275","53-2011.00","231","23","2",2311,"Air Transport Professionals","Professionals","Design, Engineering, Science and Transport Professionals","Air and Marine Transport Professionals",0.805712669405635,0.689032566205838,0.646483647279908,0.766842784839816,0.75567815170926
"276","53-3011.00","411","41","4",4111,"Ambulance Officers and Paramedics","Community And Personal Service Workers","Health and Welfare Support Workers","Health and Welfare Support Workers",0.626844507824471,0.408614627954409,0.794447952956516,0.657623208156812,0.70704531530797
"277","53-3022.00","731","73","7",7312,"Bus and Coach Drivers","Machinery Operators And Drivers","Road and Rail Drivers","Automobile, Bus and Rail Drivers",0.456240282512316,0.418146670513334,0.587435724345735,0.594257084316385,0.509130731196821
"278","53-3032.00","733","73","7",7331,"Truck Drivers","Machinery Operators And Drivers","Road and Rail Drivers","Truck Drivers",0.580295167059117,0.498278264824123,0.593866236097644,0.745065923623916,0.624560277969864
"279","53-3033.00","732","73","7",7321,"Delivery Drivers","Machinery Operators And Drivers","Road and Rail Drivers","Delivery Drivers",0.523489461321174,0.551034582418399,0.618748374218423,0.669260337183776,0.569250409326782
"280","53-4041.00","731","73","7",7313,"Train and Tram Drivers","Machinery Operators And Drivers","Road and Rail Drivers","Automobile, Bus and Rail Drivers",0.533968756161955,0.704468524221442,0.642495415586264,0.676567982648643,0.564738621335593
"281","53-6031.00","621","62","6",6216,"Service Station Attendants","Sales Workers","Sales Assistants and Salespersons","Sales Assistants and Salespersons",0.484316303376733,0.547981220605026,0.616264245412371,0.574316616473897,0.533786322734886
"282","53-6061.00","451","45","4",4517,"Travel Attendants","Community And Personal Service Workers","Sports and Personal Service Workers","Personal Service and Travel Workers",0.528435775373993,0.523678470777568,0.718307755084715,0.572392454047471,0.598714308032444
"283","53-7021.00","712","71","7",7121,"Crane, Hoist and Lift Operators","Machinery Operators And Drivers","Machine and Stationary Plant Operators","Stationary Plant Operators",0.441750081872505,0.658027592707873,0.504339032996712,0.722187911846419,0.537240012528358
"284","53-7061.00","811","81","8",8111,"Car Detailers","Labourers","Cleaners and Laundry Workers","Cleaners and Laundry Workers",0.395957165288041,0.496237216684237,0.586770097778097,0.700303543135787,0.545116610091773
"285","53-7062.00","891","89","8",8911,"Freight and Furniture Handlers","Labourers","Other Labourers","Freight Handlers and Shelf Fillers",0.615204993196639,0.537519484307454,0.623629219256382,0.723674349888428,0.587142906440861
"286","53-7062.00","891","89","8",8912,"Shelf Fillers","Labourers","Other Labourers","Freight Handlers and Shelf Fillers",0.615204993196639,0.537519484307454,0.623629219256382,0.723674349888428,0.587142906440861
"287","53-7062.00","899","89","8",8999,"Other Miscellaneous Labourers","Labourers","Other Labourers","Miscellaneous Labourers",0.615204993196639,0.537519484307454,0.623629219256382,0.723674349888428,0.587142906440861
"288","53-7064.00","832","83","8",8321,"Packers","Labourers","Factory Process Workers","Packers and Product Assemblers",0.575843052443622,0.601923030110437,0.695669850317681,0.648840804298499,0.578472659378813
